{
    "0.999": {
        "seed_accuracies": [
            90.0,
            83.36,
            85.79
        ],
        "mean": 86.38333333333334,
        "std": 2.743043727119363
    }
}